debtor_id,age,gender,region,original_amount,days_past_due,collection_status,amount_recovered,outstanding_amount,strategy_used,contact_attempts,contact_success_count,recovery_time_days,credit_score,income_level,employment_status,loan_id
1,53,여성,성남시 분당구,37658485,200,성공,28832856,8825629,전화,6,1,142.0,704,6244,자영업,L0001
2,52,여성,음성군,36272042,303,실패,0,36272042,전화,11,0,,741,3811,자영업,L0002
3,38,남성,안산시 상록구,7108302,35,성공,5182647,1925655,문자,1,0,24.0,870,4956,직장인,L0003
4,38,여성,철원군,3731265,272,실패,0,3731265,전화,10,0,,889,2462,무직,L0004
5,23,남성,정선군,49401770,121,실패,0,49401770,전화,3,0,,702,2566,직장인,L0005
6,51,남성,예산군,41440555,69,성공,20980360,20460195,문자,3,0,50.0,481,2810,무직,L0006
7,57,남성,당진시,7676585,325,실패,0,7676585,전화,12,1,,641,3837,직장인,L0007
8,40,남성,금산군,34964796,251,성공,31509682,3455114,전화,10,0,158.0,479,2238,자영업,L0008
9,62,남성,양양군,49415956,253,성공,40367796,9048160,전화,8,0,50.0,661,7945,무직,L0009
10,21,여성,포천시,44971358,268,성공,39163102,5808256,방문,9,0,245.0,774,6916,직장인,L0010
11,56,여성,양평군,16783290,19,성공,15063044,1720246,문자,1,0,4.0,776,2350,직장인,L0011
12,53,남성,양평군,21115628,2,성공,11035557,10080071,문자,1,0,1.0,652,2894,직장인,L0012
13,33,남성,안산시 단원구,37385150,105,실패,0,37385150,전화,2,0,,842,3050,자영업,L0013
14,66,남성,양양군,751670,286,실패,0,751670,전화,10,0,,522,5955,직장인,L0014
15,31,남성,청주시 상당구,41503065,234,실패,0,41503065,방문,7,1,,578,4634,직장인,L0015
16,32,남성,고양시,15487105,8,성공,13529221,1957884,문자,1,0,7.0,575,6965,직장인,L0016
17,28,여성,원주시,24018348,314,실패,0,24018348,방문,10,0,,526,5730,직장인,L0017
18,53,남성,홍성군,37975541,43,성공,34073044,3902497,전화,1,0,29.0,407,2568,직장인,L0018
19,45,남성,예산군,33210792,336,실패,0,33210792,전화,13,0,,844,4793,직장인,L0019
20,48,여성,광명시,34317744,80,실패,0,34317744,문자,4,0,,587,6196,직장인,L0020
21,54,여성,고양시,20972115,144,실패,0,20972115,전화,6,0,,740,7359,무직,L0021
22,59,여성,용인시 처인구,11047626,12,성공,10722809,324817,문자,3,0,10.0,853,6591,직장인,L0022
23,29,여성,부천시,47013672,223,실패,0,47013672,방문,8,0,,854,2147,자영업,L0023
24,43,여성,가평군,31282245,350,실패,0,31282245,전화,12,1,,438,6501,직장인,L0024
25,45,남성,안산시,17136710,187,성공,16063864,1072846,전화,8,0,178.0,832,4642,직장인,L0025
26,36,남성,횡성군,32009017,269,성공,18652655,13356362,방문,9,0,194.0,526,4430,직장인,L0026
27,50,남성,부천시 오정구,47928103,69,실패,0,47928103,문자,4,0,,845,6330,직장인,L0027
28,47,여성,구리시,13914133,125,성공,7045470,6868663,전화,5,0,120.0,643,4675,직장인,L0028
29,29,남성,청양군,8531109,58,실패,0,8531109,문자,4,1,,753,2237,직장인,L0029
30,31,남성,강릉시,34917265,55,성공,21443831,13473434,전화,3,0,32.0,440,5684,직장인,L0030
31,26,여성,당진시,32752842,58,성공,21415553,11337289,문자,1,0,25.0,816,5074,직장인,L0031
32,27,여성,파주시,32761472,101,성공,23731643,9029829,방문,4,0,49.0,588,6649,직장인,L0032
33,38,남성,고양시 일산동구,36258266,154,성공,36113928,144338,전화,4,0,51.0,741,3387,직장인,L0033
34,58,남성,수원시,40760448,8,성공,23467609,17292839,문자,1,0,1.0,946,6045,자영업,L0034
35,67,여성,강릉시,16732856,362,성공,11978613,4754243,전화,13,0,255.0,854,6104,직장인,L0035
36,54,여성,속초시,36401635,89,성공,18322950,18078685,문자,4,0,71.0,766,6884,직장인,L0036
37,38,남성,오산시,40599210,190,실패,0,40599210,전화,6,0,,802,2002,직장인,L0037
38,34,여성,보령시,37342388,275,실패,0,37342388,전화,9,2,,873,7265,자영업,L0038
39,40,남성,안산시,899845,2,실패,0,899845,문자,2,0,,661,3723,무직,L0039
40,46,여성,청주시 청원구,17313604,164,성공,15709899,1603705,전화,6,0,116.0,536,4695,직장인,L0040
41,32,여성,청주시 상당구,8737730,145,성공,8392398,345332,전화,7,0,20.0,618,6380,직장인,L0041
42,29,남성,수원시 권선구,32467368,68,성공,22421556,10045812,전화,3,0,28.0,894,4263,직장인,L0042
43,37,남성,동해시,48629812,28,성공,37930879,10698933,전화,2,0,17.0,650,5813,직장인,L0043
44,33,남성,태백시,8433706,226,성공,6734059,1699647,전화,9,0,197.0,632,5816,직장인,L0044
45,55,여성,수원시,27540858,287,실패,0,27540858,전화,11,0,,934,6488,자영업,L0045
46,41,남성,안산시 단원구,29368211,261,실패,0,29368211,방문,8,1,,710,6872,직장인,L0046
47,59,남성,안성시,6982025,58,성공,6738808,243217,문자,1,0,27.0,807,6600,직장인,L0047
48,32,남성,보령시,19292115,106,실패,0,19292115,전화,3,0,,496,7106,자영업,L0048
49,31,여성,고양시 일산동구,23998190,265,실패,0,23998190,전화,8,0,,739,3938,직장인,L0049
50,21,여성,예산군,6964346,203,실패,0,6964346,전화,7,1,,695,2679,직장인,L0050
51,22,남성,태백시,35266140,211,성공,25234832,10031308,방문,9,0,137.0,528,5555,직장인,L0051
52,40,여성,춘천시,34534137,48,성공,23913646,10620491,문자,2,0,31.0,785,7417,자영업,L0052
53,66,여성,가평군,32287651,73,실패,0,32287651,문자,5,3,,628,4540,직장인,L0053
54,25,여성,음성군,13494886,255,성공,9124802,4370084,방문,10,0,228.0,467,5600,직장인,L0054
55,62,여성,아산시,49680258,179,성공,38966897,10713361,방문,7,0,149.0,848,5752,직장인,L0055
56,48,여성,김포시,1635899,162,성공,960440,675459,방문,6,0,85.0,783,5439,자영업,L0056
57,25,여성,태백시,43148673,361,성공,33476401,9672272,방문,14,3,79.0,788,2604,직장인,L0057
58,30,여성,동해시,10010131,208,성공,5473863,4536268,전화,7,0,171.0,477,7762,무직,L0058
59,40,남성,가평군,31405146,45,실패,0,31405146,문자,3,1,,542,7599,직장인,L0059
60,41,남성,양주시,22758659,270,실패,0,22758659,전화,10,1,,936,4366,직장인,L0060
61,35,남성,청양군,23623918,223,실패,0,23623918,전화,8,0,,644,7417,자영업,L0061
62,50,남성,금산군,41894899,303,실패,0,41894899,방문,12,0,,429,4748,자영업,L0062
63,23,남성,안산시,12536763,145,성공,11955265,581498,방문,7,0,94.0,562,6142,직장인,L0063
64,51,남성,태안군,26551776,176,실패,0,26551776,전화,7,0,,775,7643,직장인,L0064
65,32,여성,안양시 만안구,7032614,21,성공,6245990,786624,문자,2,0,15.0,424,6620,무직,L0065
66,53,여성,안산시,8955096,36,성공,8333893,621203,전화,1,0,26.0,935,2779,직장인,L0066
67,36,남성,용인시 수지구,16092999,185,성공,14080264,2012735,전화,7,0,78.0,435,2597,직장인,L0067
68,63,남성,성남시 중원구,44280739,298,성공,27041486,17239253,전화,11,2,275.0,562,2927,직장인,L0068
69,45,여성,보은군,17997180,202,성공,14057363,3939817,방문,6,0,7.0,749,7931,무직,L0069
70,29,여성,단양군,26867113,168,실패,0,26867113,전화,7,0,,888,2989,직장인,L0070
71,67,여성,연천군,32653643,38,성공,18785683,13867960,문자,4,0,1.0,790,2399,무직,L0071
72,30,여성,충주시,11841924,253,성공,9370450,2471474,전화,8,1,83.0,490,2275,자영업,L0072
73,32,여성,여주시,27996626,305,실패,0,27996626,방문,12,0,,905,5265,직장인,L0073
74,47,여성,양구군,37955474,149,실패,0,37955474,전화,6,1,,760,3080,직장인,L0074
75,35,여성,안양시 동안구,4714687,205,실패,0,4714687,전화,8,0,,474,3523,자영업,L0075
76,63,여성,청주시 흥덕구,25872808,364,실패,0,25872808,전화,13,0,,518,4972,직장인,L0076
77,59,남성,수원시 팔달구,16128314,204,성공,14010819,2117495,전화,6,0,93.0,804,3886,직장인,L0077
78,63,여성,부여군,30731279,306,실패,0,30731279,방문,8,1,,603,4955,직장인,L0078
79,48,여성,청주시 흥덕구,44359277,275,실패,0,44359277,전화,11,0,,437,5290,직장인,L0079
80,49,남성,영동군,48497255,80,성공,32753225,15744030,문자,4,0,31.0,421,4847,직장인,L0080
81,28,여성,청양군,42813934,204,성공,23261724,19552210,방문,7,0,144.0,588,2952,무직,L0081
82,41,여성,용인시,32250123,63,실패,0,32250123,전화,3,1,,804,2204,직장인,L0082
83,25,여성,서천군,46623623,105,실패,0,46623623,전화,4,0,,760,4978,무직,L0083
84,63,여성,논산시,9430964,171,성공,6483823,2947141,방문,6,1,96.0,476,2698,자영업,L0084
85,53,남성,계룡시,18779934,100,성공,16668699,2111235,전화,4,0,51.0,853,5056,직장인,L0085
86,63,여성,제천시,6353893,340,성공,5922756,431137,전화,11,0,245.0,915,7166,직장인,L0086
87,31,남성,수원시 장안구,41506785,282,실패,0,41506785,방문,10,0,,609,2097,직장인,L0087
88,45,남성,동해시,33445002,309,실패,0,33445002,방문,12,2,,581,6078,무직,L0088
89,21,남성,속초시,42288883,258,성공,25488033,16800850,전화,10,0,6.0,408,2383,무직,L0089
90,34,여성,고양시 일산동구,5883642,114,성공,4180142,1703500,전화,5,0,34.0,662,3692,직장인,L0090
91,22,남성,공주시,44704997,184,실패,0,44704997,전화,7,0,,757,2814,직장인,L0091
92,49,여성,양양군,26001112,308,실패,0,26001112,전화,10,0,,671,5171,무직,L0092
93,65,여성,용인시,23073746,43,성공,17451646,5622100,문자,1,0,17.0,583,6911,자영업,L0093
94,68,여성,부천시 원미구,38293059,39,성공,27061774,11231285,전화,2,0,9.0,747,7729,자영업,L0094
95,30,남성,성남시,36807978,215,실패,0,36807978,전화,8,0,,792,3016,무직,L0095
96,31,남성,수원시,16935926,58,성공,16648962,286964,문자,3,1,52.0,608,3051,자영업,L0096
97,68,남성,파주시,37142476,29,성공,32178190,4964286,문자,2,0,19.0,427,3621,직장인,L0097
98,27,남성,정선군,3604229,317,실패,0,3604229,방문,12,0,,768,5128,자영업,L0098
99,33,남성,부천시 오정구,12207952,308,성공,11211975,995977,전화,9,0,88.0,795,6085,직장인,L0099
100,60,여성,용인시,23404262,174,실패,0,23404262,전화,6,0,,461,2883,직장인,L0100
101,68,여성,화성시,44207170,305,실패,0,44207170,전화,12,1,,940,7832,무직,L0101
102,56,여성,김포시,38027588,244,실패,0,38027588,전화,9,0,,792,2315,직장인,L0102
103,53,여성,화천군,32205754,33,실패,0,32205754,문자,3,0,,603,7971,직장인,L0103
104,39,남성,김포시,16551764,274,성공,13702635,2849129,방문,10,0,72.0,494,7440,직장인,L0104
105,43,남성,김포시,8407370,258,실패,0,8407370,방문,10,1,,757,6272,자영업,L0105
106,27,남성,군포시,34406657,232,실패,0,34406657,전화,7,1,,742,6029,직장인,L0106
107,21,여성,용인시,31063667,278,실패,0,31063667,전화,10,4,,773,4545,직장인,L0107
108,33,여성,서천군,23844022,182,실패,0,23844022,전화,7,0,,516,7129,직장인,L0108
109,49,여성,인제군,2426258,184,실패,0,2426258,전화,6,0,,752,2502,직장인,L0109
110,49,여성,부천시 원미구,30679565,362,실패,0,30679565,전화,14,0,,500,6546,직장인,L0110
111,36,여성,청주시 흥덕구,13481322,118,성공,8662264,4819058,전화,5,0,32.0,664,3574,직장인,L0111
112,30,여성,용인시,13915600,363,실패,0,13915600,전화,13,0,,416,6352,무직,L0112
113,68,남성,공주시,2554675,255,성공,1371430,1183245,전화,8,0,130.0,808,2198,직장인,L0113
114,29,남성,연천군,36490018,114,성공,23465161,13024857,방문,4,0,86.0,694,3415,직장인,L0114
115,30,여성,남양주시,43855595,9,성공,40768882,3086713,문자,1,0,3.0,614,3981,직장인,L0115
116,59,남성,계룡시,6620955,313,실패,0,6620955,방문,10,1,,738,7240,직장인,L0116
117,63,남성,연천군,35727823,346,실패,0,35727823,전화,11,0,,827,6012,직장인,L0117
118,53,여성,가평군,26892198,24,성공,19656582,7235616,전화,3,0,19.0,498,5024,직장인,L0118
119,34,남성,하남시,24820871,285,성공,20815330,4005541,전화,10,0,5.0,902,7407,직장인,L0119
120,27,남성,예산군,3486846,262,실패,0,3486846,전화,10,0,,848,6634,무직,L0120
121,65,남성,수원시 장안구,13962722,189,실패,0,13962722,전화,7,0,,816,2228,자영업,L0121
122,50,남성,동해시,18717871,126,실패,0,18717871,전화,6,0,,898,4402,직장인,L0122
123,53,여성,진천군,31805514,15,성공,31264867,540647,문자,2,0,6.0,587,3831,직장인,L0123
124,50,여성,포천시,5724456,364,실패,0,5724456,방문,12,0,,412,4421,직장인,L0124
125,53,여성,천안시 서북구,48171696,167,실패,0,48171696,방문,6,1,,658,5168,자영업,L0125
126,42,남성,군포시,34315166,159,성공,33709742,605424,전화,5,2,152.0,750,7672,직장인,L0126
127,59,남성,태안군,32022571,114,성공,28778210,3244361,방문,4,0,6.0,595,3972,직장인,L0127
128,20,남성,양양군,1880919,56,성공,1316909,564010,문자,2,0,33.0,647,6097,무직,L0128
129,41,남성,진천군,8848592,78,성공,7100138,1748454,전화,5,0,16.0,862,7229,자영업,L0129
130,53,남성,예산군,17628712,76,성공,10625722,7002990,문자,4,0,70.0,932,7070,자영업,L0130
131,58,남성,동두천시,38493257,281,성공,35834147,2659110,전화,10,0,131.0,694,4460,직장인,L0131
132,42,여성,단양군,9252138,266,실패,0,9252138,방문,9,1,,506,5812,직장인,L0132
133,30,여성,부천시 소사구,4986321,191,실패,0,4986321,방문,6,1,,583,4030,직장인,L0133
134,34,남성,천안시 동남구,9525251,194,성공,5679627,3845624,전화,7,0,154.0,711,7331,자영업,L0134
135,31,여성,철원군,4941981,200,실패,0,4941981,방문,7,0,,939,3293,직장인,L0135
136,27,남성,용인시,2415910,183,실패,0,2415910,방문,6,0,,643,5968,직장인,L0136
137,33,여성,안양시 만안구,35863300,169,실패,0,35863300,전화,6,0,,609,4027,직장인,L0137
138,23,여성,가평군,16020435,141,성공,12624947,3395488,방문,4,1,7.0,778,3418,직장인,L0138
139,55,남성,청주시 흥덕구,8428826,87,성공,5188089,3240737,문자,4,0,65.0,809,7339,직장인,L0139
140,39,여성,예산군,13214375,193,실패,0,13214375,전화,6,0,,856,2568,직장인,L0140
141,59,남성,김포시,48067889,178,성공,28153781,19914108,전화,8,1,53.0,846,7310,자영업,L0141
142,34,여성,금산군,47922222,79,성공,28124330,19797892,문자,2,0,49.0,619,6714,직장인,L0142
143,28,남성,수원시 권선구,46778079,37,성공,38395025,8383054,문자,1,0,1.0,402,6895,직장인,L0143
144,22,남성,예산군,8001961,297,실패,0,8001961,방문,11,1,,786,5412,직장인,L0144
145,24,남성,안산시 상록구,23405988,58,성공,17208470,6197518,전화,1,0,56.0,724,3177,직장인,L0145
146,51,남성,부천시,28789129,307,실패,0,28789129,방문,11,0,,526,4518,직장인,L0146
147,36,여성,용인시 기흥구,41986002,276,성공,29557190,12428812,전화,9,0,256.0,777,7401,직장인,L0147
148,68,여성,제천시,40870075,323,성공,33937812,6932263,전화,12,0,193.0,409,7045,직장인,L0148
149,54,여성,고양시,48865342,42,성공,33620414,15244928,문자,2,0,21.0,630,5987,직장인,L0149
150,51,남성,광명시,4415189,35,성공,3311119,1104070,전화,3,0,19.0,531,4649,직장인,L0150
151,53,여성,태안군,23168078,41,성공,18940276,4227802,문자,3,0,31.0,885,2137,무직,L0151
152,44,남성,홍성군,31758211,78,성공,16498146,15260065,문자,1,0,51.0,938,3183,직장인,L0152
153,38,여성,과천시,2754123,2,성공,1752424,1001699,문자,1,0,1.0,582,2642,직장인,L0153
154,62,남성,청주시 상당구,4135581,106,성공,2858168,1277413,전화,3,0,25.0,578,4977,자영업,L0154
155,43,남성,천안시 동남구,23980360,140,실패,0,23980360,전화,6,0,,408,7968,직장인,L0155
156,20,남성,수원시,14178939,253,실패,0,14178939,전화,9,0,,924,7281,자영업,L0156
157,52,남성,안산시,41918186,285,성공,23231645,18686541,전화,11,0,140.0,921,5562,자영업,L0157
158,21,남성,성남시,49158679,261,실패,0,49158679,전화,9,0,,440,4007,직장인,L0158
159,25,여성,부천시 원미구,41642441,177,실패,0,41642441,전화,4,1,,696,3674,직장인,L0159
160,36,남성,인제군,1206635,124,성공,959670,246965,전화,4,0,14.0,587,4379,자영업,L0160
161,43,남성,남양주시,22030344,234,실패,0,22030344,전화,7,0,,759,5570,직장인,L0161
162,21,여성,과천시,33679404,233,성공,26744322,6935082,방문,9,0,166.0,447,6110,직장인,L0162
163,56,여성,속초시,15796496,358,성공,9823259,5973237,방문,11,0,22.0,936,3338,무직,L0163
164,66,남성,하남시,42686564,254,성공,33520476,9166088,전화,10,0,14.0,474,3997,직장인,L0164
165,39,남성,홍성군,23597269,14,성공,21026694,2570575,문자,4,0,7.0,829,3809,무직,L0165
166,53,여성,용인시 기흥구,26999242,60,실패,0,26999242,문자,2,0,,451,3366,직장인,L0166
167,20,여성,수원시 장안구,27232125,141,성공,24448313,2783812,방문,5,0,136.0,820,7729,직장인,L0167
168,69,여성,청주시 흥덕구,22397880,252,실패,0,22397880,방문,9,3,,549,3501,직장인,L0168
169,58,여성,충주시,2458577,67,성공,1624707,833870,문자,3,0,23.0,629,5152,무직,L0169
170,67,남성,영동군,5350540,220,성공,3578598,1771942,전화,8,0,172.0,480,5050,자영업,L0170
171,68,남성,가평군,20440343,230,실패,0,20440343,방문,8,1,,412,5266,직장인,L0171
172,24,남성,안양시 동안구,48549404,175,성공,39129787,9419617,전화,6,0,130.0,942,5939,직장인,L0172
173,21,남성,동해시,32552379,157,실패,0,32552379,전화,5,0,,437,3231,자영업,L0173
174,68,남성,공주시,17712533,92,성공,12003731,5708802,방문,3,0,32.0,783,3060,자영업,L0174
175,40,여성,태안군,12487134,254,성공,11130047,1357087,방문,11,0,15.0,874,4405,직장인,L0175
176,69,남성,보령시,13317837,327,성공,8072862,5244975,전화,9,1,291.0,925,3056,직장인,L0176
177,30,여성,수원시,35186252,352,실패,0,35186252,전화,12,0,,525,3197,자영업,L0177
178,33,남성,원주시,34519080,210,실패,0,34519080,전화,8,1,,541,6733,직장인,L0178
179,40,남성,청주시 상당구,13195547,304,실패,0,13195547,전화,11,2,,925,5960,직장인,L0179
180,20,여성,정선군,23788714,142,성공,15270231,8518483,방문,6,0,4.0,922,2170,자영업,L0180
181,32,여성,강릉시,8989950,31,성공,4602236,4387714,문자,1,0,14.0,501,3695,직장인,L0181
182,33,남성,고양시 일산서구,18080788,245,실패,0,18080788,전화,7,0,,472,6957,직장인,L0182
183,22,남성,광명시,11484848,264,실패,0,11484848,방문,10,0,,822,2279,직장인,L0183
184,52,여성,속초시,14166996,184,실패,0,14166996,방문,7,1,,579,5288,직장인,L0184
185,39,남성,평창군,45117454,99,성공,42132726,2984728,전화,4,0,94.0,910,4676,자영업,L0185
186,53,남성,예산군,31249750,30,성공,21916522,9333228,전화,2,0,8.0,889,6361,직장인,L0186
187,64,남성,진천군,24680912,333,실패,0,24680912,전화,10,0,,915,2813,직장인,L0187
188,45,여성,구리시,31861952,76,성공,23090781,8771171,전화,3,0,55.0,489,6177,직장인,L0188
189,55,여성,부여군,25451872,142,실패,0,25451872,전화,3,0,,681,2505,직장인,L0189
190,36,남성,청주시 청원구,49836271,244,성공,29949614,19886657,방문,9,3,113.0,518,5570,직장인,L0190
191,40,남성,성남시 수정구,19179580,67,성공,17283933,1895647,문자,2,0,19.0,675,6623,자영업,L0191
192,44,남성,용인시 기흥구,4515348,95,성공,2523166,1992182,전화,3,1,92.0,614,5338,직장인,L0192
193,62,여성,양평군,32461577,334,실패,0,32461577,전화,11,1,,770,2108,직장인,L0193
194,39,남성,용인시 수지구,4624713,148,실패,0,4624713,방문,6,0,,676,2878,자영업,L0194
195,30,남성,성남시 수정구,37836728,277,성공,31568279,6268449,방문,8,0,127.0,789,3142,직장인,L0195
196,24,여성,부천시 오정구,13811030,119,성공,8348919,5462111,전화,5,0,96.0,790,7289,직장인,L0196
197,24,여성,가평군,13201463,303,실패,0,13201463,방문,11,0,,434,5274,직장인,L0197
198,55,여성,증평군,13187843,42,성공,11272666,1915177,문자,4,1,36.0,721,3005,자영업,L0198
199,69,여성,천안시 서북구,48935147,182,성공,34171159,14763988,전화,5,0,50.0,653,3821,무직,L0199
200,37,남성,고양시 덕양구,12862271,41,성공,7544828,5317443,문자,2,0,22.0,866,2926,직장인,L0200
201,65,남성,화천군,23718400,131,성공,14236073,9482327,전화,3,1,104.0,865,2909,직장인,L0201
202,55,남성,동해시,46869576,137,실패,0,46869576,전화,6,1,,585,6560,직장인,L0202
203,28,남성,당진시,21170184,197,성공,19672965,1497219,방문,8,0,73.0,563,5602,직장인,L0203
204,41,남성,성남시 수정구,2631451,65,성공,1348698,1282753,문자,2,0,16.0,453,2416,직장인,L0204
205,62,여성,진천군,21915618,213,실패,0,21915618,전화,8,2,,719,4397,직장인,L0205
206,22,여성,보은군,15908488,169,성공,11385613,4522875,전화,6,2,123.0,610,5081,직장인,L0206
207,49,남성,의왕시,48365995,43,실패,0,48365995,전화,4,1,,596,3771,직장인,L0207
208,35,여성,안산시 단원구,31449196,204,실패,0,31449196,전화,8,1,,502,4507,직장인,L0208
209,66,여성,성남시,43102033,39,성공,41164021,1938012,문자,1,0,5.0,417,4510,무직,L0209
210,60,여성,수원시 영통구,30917678,204,성공,19455376,11462302,전화,7,0,126.0,920,4774,직장인,L0210
211,67,남성,태백시,34585608,311,실패,0,34585608,방문,12,0,,458,3742,직장인,L0211
212,21,남성,수원시 영통구,17814660,205,성공,14607647,3207013,전화,9,0,103.0,782,6906,직장인,L0212
213,66,남성,보은군,3959695,299,성공,2963406,996289,방문,11,1,174.0,800,2286,직장인,L0213
214,62,여성,성남시 중원구,6908818,358,실패,0,6908818,방문,13,2,,625,7420,직장인,L0214
215,51,남성,파주시,1913719,227,성공,1885594,28125,전화,8,0,59.0,434,3388,무직,L0215
216,28,남성,고양시 덕양구,21357117,323,실패,0,21357117,방문,11,0,,655,5967,직장인,L0216
217,26,남성,고양시 덕양구,38132604,316,성공,19660106,18472498,전화,12,2,314.0,834,6797,직장인,L0217
218,41,남성,연천군,25701197,256,실패,0,25701197,전화,8,0,,677,7525,직장인,L0218
219,54,여성,정선군,3284333,345,실패,0,3284333,전화,14,0,,559,3308,자영업,L0219
220,38,여성,의왕시,35846273,19,성공,29258164,6588109,전화,1,0,18.0,540,7404,직장인,L0220
221,55,여성,용인시 처인구,27968996,292,성공,20563369,7405627,전화,10,0,216.0,689,7424,직장인,L0221
222,53,여성,공주시,2524275,223,성공,1571464,952811,전화,7,0,40.0,635,3579,자영업,L0222
223,69,여성,의왕시,6368552,223,실패,0,6368552,전화,8,0,,922,5782,무직,L0223
224,52,여성,부여군,23514105,51,성공,19671767,3842338,문자,1,0,40.0,691,4398,직장인,L0224
225,56,여성,안산시 단원구,35599560,216,실패,0,35599560,전화,9,0,,608,5842,무직,L0225
226,24,여성,부천시 소사구,30110755,316,성공,19398850,10711905,전화,12,0,180.0,613,6414,직장인,L0226
227,24,남성,김포시,28180459,189,성공,14527681,13652778,전화,8,0,73.0,408,3254,직장인,L0227
228,24,남성,오산시,23272298,180,성공,20667224,2605074,전화,7,0,149.0,645,7405,직장인,L0228
229,69,여성,오산시,39274445,175,실패,0,39274445,전화,5,0,,494,4581,직장인,L0229
230,27,남성,청주시 서원구,31133183,254,성공,24949432,6183751,전화,8,0,95.0,602,5191,무직,L0230
231,24,여성,부천시 오정구,37239731,345,실패,0,37239731,전화,11,0,,744,7979,직장인,L0231
232,45,여성,가평군,13610044,313,실패,0,13610044,방문,11,0,,549,6338,직장인,L0232
233,39,여성,안산시,28444630,114,성공,20415748,8028882,방문,5,0,82.0,747,5797,직장인,L0233
234,56,남성,안산시 단원구,24735209,91,실패,0,24735209,전화,4,1,,501,6385,직장인,L0234
235,58,남성,수원시 팔달구,22273021,214,성공,20953505,1319516,전화,7,0,171.0,909,4007,직장인,L0235
236,69,여성,포천시,27765890,322,실패,0,27765890,전화,11,0,,689,5749,직장인,L0236
237,60,남성,양평군,22034597,265,성공,11282128,10752469,전화,11,0,133.0,900,3627,직장인,L0237
238,51,남성,당진시,38760220,234,실패,0,38760220,전화,8,0,,458,5621,직장인,L0238
239,59,여성,화천군,36643323,21,성공,36185364,457959,문자,2,0,14.0,899,4967,자영업,L0239
240,28,남성,옥천군,239265,102,성공,182416,56849,전화,3,0,53.0,839,3943,자영업,L0240
241,59,여성,동해시,20753278,133,실패,0,20753278,전화,5,0,,917,2924,자영업,L0241
242,53,남성,금산군,45719522,113,성공,26244685,19474837,전화,3,0,111.0,528,4912,직장인,L0242
243,52,여성,안산시,27039081,232,실패,0,27039081,전화,8,1,,421,4390,직장인,L0243
244,22,여성,성남시 분당구,23994641,73,성공,14426651,9567990,문자,3,0,36.0,460,4608,직장인,L0244
245,60,여성,철원군,27788951,338,실패,0,27788951,방문,11,1,,509,6026,직장인,L0245
246,40,여성,영동군,9997600,246,실패,0,9997600,전화,8,0,,522,2645,직장인,L0246
247,34,여성,의정부시,42712397,59,성공,22215848,20496549,문자,2,0,24.0,544,5352,무직,L0247
248,58,여성,가평군,39804312,143,성공,28302647,11501665,방문,5,0,50.0,812,4275,직장인,L0248
249,68,여성,아산시,31956782,256,실패,0,31956782,전화,8,2,,688,3244,무직,L0249
250,38,남성,양양군,19493334,95,성공,13344667,6148667,전화,2,0,86.0,889,4432,자영업,L0250
251,30,여성,영동군,32189655,107,성공,21098229,11091426,전화,3,0,13.0,834,4927,직장인,L0251
252,61,여성,안산시 단원구,46250540,287,실패,0,46250540,전화,12,0,,565,6338,직장인,L0252
253,47,남성,영동군,3711367,8,성공,3515664,195703,문자,1,0,3.0,794,3347,직장인,L0253
254,66,여성,원주시,36685119,231,성공,32951998,3733121,전화,10,0,192.0,436,5894,자영업,L0254
255,43,남성,안양시 동안구,27609017,8,성공,19730872,7878145,문자,3,0,4.0,517,3701,직장인,L0255
256,30,남성,이천시,28495231,30,성공,23897951,4597280,문자,3,0,2.0,773,7305,자영업,L0256
257,23,여성,고양시 일산동구,28574463,42,성공,27815466,758997,전화,4,0,12.0,791,4799,자영업,L0257
258,59,여성,성남시 분당구,19079787,278,실패,0,19079787,전화,7,0,,676,3193,직장인,L0258
259,33,여성,원주시,10184745,78,실패,0,10184745,전화,3,0,,585,5087,자영업,L0259
260,63,여성,동두천시,30067340,156,성공,26897605,3169735,전화,5,1,75.0,428,2481,직장인,L0260
261,46,남성,군포시,178697,306,실패,0,178697,전화,10,0,,724,2762,직장인,L0261
262,54,남성,포천시,23907387,43,실패,0,23907387,문자,3,0,,431,5935,직장인,L0262
263,63,여성,안양시,46528637,157,성공,32999725,13528912,방문,6,2,29.0,544,5578,자영업,L0263
264,53,여성,안산시 상록구,15313916,250,실패,0,15313916,방문,9,1,,777,2279,직장인,L0264
265,52,남성,청양군,36441302,133,실패,0,36441302,방문,6,0,,884,3183,직장인,L0265
266,41,여성,증평군,20459394,78,실패,0,20459394,전화,2,0,,567,2961,직장인,L0266
267,45,여성,강릉시,11804280,231,성공,7732294,4071986,전화,9,0,57.0,538,7082,직장인,L0267
268,62,남성,수원시 권선구,11766453,199,성공,8872617,2893836,전화,7,0,111.0,517,3324,직장인,L0268
269,55,남성,평창군,47671232,141,실패,0,47671232,전화,6,0,,692,4770,자영업,L0269
270,63,여성,구리시,14087558,167,성공,12436788,1650770,전화,4,0,61.0,650,5628,직장인,L0270
271,48,여성,포천시,14439696,52,성공,9713811,4725885,문자,1,0,8.0,916,4009,직장인,L0271
272,63,남성,춘천시,10147380,54,성공,8198042,1949338,문자,3,0,52.0,922,4781,직장인,L0272
273,48,남성,수원시 권선구,11522819,241,성공,8053505,3469314,전화,9,0,190.0,482,7597,자영업,L0273
274,27,여성,의왕시,16569418,268,성공,11107861,5461557,전화,8,0,15.0,631,2503,무직,L0274
275,67,남성,안양시,43445565,25,실패,0,43445565,전화,2,0,,741,3703,직장인,L0275
276,56,여성,고양시,33305842,120,성공,21455238,11850604,전화,4,0,91.0,596,4339,직장인,L0276
277,53,남성,하남시,28418809,284,실패,0,28418809,전화,8,0,,594,3338,직장인,L0277
278,53,남성,의정부시,22664228,21,실패,0,22664228,문자,1,0,,517,5057,자영업,L0278
279,37,남성,태백시,12867965,274,실패,0,12867965,전화,9,0,,445,3114,직장인,L0279
280,69,남성,천안시 서북구,37202015,363,실패,0,37202015,전화,13,0,,885,6937,무직,L0280
281,55,여성,성남시,47717368,101,성공,28974054,18743314,방문,2,0,27.0,437,3658,직장인,L0281
282,47,남성,춘천시,29981622,40,성공,27527069,2454553,문자,2,0,16.0,800,4620,직장인,L0282
283,51,여성,부여군,20405895,337,실패,0,20405895,전화,11,0,,658,7916,직장인,L0283
284,44,남성,용인시 처인구,42054901,326,성공,31172187,10882714,전화,9,0,210.0,811,5431,직장인,L0284
285,49,남성,철원군,34654349,234,성공,22767156,11887193,방문,9,0,151.0,655,3882,직장인,L0285
286,49,여성,증평군,8878845,334,성공,5857966,3020879,전화,13,0,244.0,441,6304,자영업,L0286
287,26,여성,오산시,21693913,183,성공,18664461,3029452,전화,7,1,169.0,595,7442,직장인,L0287
288,67,남성,양양군,28370221,138,실패,0,28370221,전화,5,1,,525,6254,직장인,L0288
289,43,여성,태백시,45251353,118,성공,30828468,14422885,전화,5,0,65.0,486,2880,자영업,L0289
290,56,여성,평택시,44475536,255,실패,0,44475536,전화,9,0,,590,5088,직장인,L0290
291,28,남성,부천시,14191228,300,실패,0,14191228,전화,11,2,,563,7137,직장인,L0291
292,56,남성,보은군,35120564,190,실패,0,35120564,방문,7,1,,641,3500,무직,L0292
293,24,여성,삼척시,13726463,196,실패,0,13726463,전화,5,0,,697,2672,자영업,L0293
294,35,여성,고양시,10583015,165,실패,0,10583015,방문,6,0,,726,2069,직장인,L0294
295,59,여성,음성군,45148018,146,성공,41530374,3617644,전화,5,0,33.0,454,7483,직장인,L0295
296,29,남성,논산시,21223129,42,성공,18003757,3219372,문자,1,0,7.0,520,2811,직장인,L0296
297,30,여성,평택시,25609791,254,실패,0,25609791,전화,10,1,,748,4325,직장인,L0297
298,22,남성,포천시,24376331,137,성공,14318127,10058204,전화,5,0,69.0,775,4073,직장인,L0298
299,36,남성,수원시 팔달구,7425286,28,성공,5646902,1778384,전화,2,0,22.0,575,7104,직장인,L0299
300,39,남성,고양시 일산동구,11837993,275,성공,8062040,3775953,방문,10,0,45.0,733,6542,직장인,L0300
301,50,여성,계룡시,16202610,217,성공,10851677,5350933,방문,7,0,139.0,680,6766,직장인,L0301
302,25,여성,계룡시,18685414,312,실패,0,18685414,전화,11,1,,767,3065,직장인,L0302
303,40,여성,안양시 만안구,10883221,73,실패,0,10883221,문자,5,0,,578,7570,직장인,L0303
304,38,여성,청주시 청원구,19254252,88,실패,0,19254252,문자,4,0,,413,7082,직장인,L0304
305,37,여성,단양군,41241951,24,성공,23466486,17775465,문자,1,0,23.0,699,2972,직장인,L0305
306,41,여성,영월군,33446465,151,실패,0,33446465,전화,5,0,,738,5835,직장인,L0306
307,53,여성,제천시,21467625,271,성공,12162683,9304942,전화,11,1,142.0,564,5183,직장인,L0307
308,32,여성,예산군,34899569,298,실패,0,34899569,전화,10,0,,593,5883,자영업,L0308
309,41,여성,화성시,28509297,177,실패,0,28509297,전화,5,0,,916,6481,무직,L0309
310,23,남성,안양시 만안구,46567712,318,실패,0,46567712,전화,11,0,,607,7835,직장인,L0310
311,45,남성,성남시 중원구,48098208,22,성공,36022454,12075754,문자,2,0,3.0,836,2390,직장인,L0311
312,49,남성,음성군,27927504,261,실패,0,27927504,방문,9,0,,752,6732,자영업,L0312
313,62,남성,금산군,26853112,59,성공,13523905,13329207,문자,2,0,15.0,765,3590,자영업,L0313
314,41,남성,고성군,3027007,93,성공,2442141,584866,전화,4,0,20.0,633,3577,직장인,L0314
315,22,남성,수원시 팔달구,17785095,290,성공,12017564,5767531,전화,9,0,286.0,422,7386,직장인,L0315
316,41,남성,성남시 분당구,24859324,27,성공,19498661,5360663,문자,2,0,6.0,759,4124,직장인,L0316
317,36,남성,부천시,33841263,112,성공,20200893,13640370,전화,4,0,36.0,625,7593,직장인,L0317
318,50,여성,철원군,36058792,174,실패,0,36058792,전화,7,0,,787,5205,직장인,L0318
319,46,남성,용인시,12363517,14,성공,6365858,5997659,문자,1,0,2.0,531,4644,직장인,L0319
320,37,남성,청양군,25455170,137,성공,16565525,8889645,방문,5,0,90.0,486,4146,직장인,L0320
321,33,여성,과천시,23031575,351,성공,20076924,2954651,전화,13,3,52.0,698,7863,직장인,L0321
322,29,남성,동해시,7135153,252,실패,0,7135153,전화,9,0,,723,7178,자영업,L0322
323,23,여성,예산군,31917890,328,성공,20495347,11422543,전화,11,1,80.0,507,2164,직장인,L0323
324,59,남성,의왕시,19074199,229,성공,11554167,7520032,전화,9,0,29.0,495,5987,자영업,L0324
325,54,여성,제천시,28035782,272,실패,0,28035782,방문,11,0,,421,5715,자영업,L0325
326,54,여성,음성군,34756793,282,실패,0,34756793,방문,10,0,,492,5471,무직,L0326
327,31,남성,안성시,18844871,309,실패,0,18844871,전화,11,0,,644,4725,자영업,L0327
328,30,남성,부여군,8180513,352,실패,0,8180513,전화,13,0,,922,5711,직장인,L0328
329,49,남성,군포시,16078564,198,성공,11122627,4955937,전화,8,0,51.0,653,3798,직장인,L0329
330,30,여성,용인시,39117725,263,성공,24536311,14581414,방문,8,0,164.0,607,7270,직장인,L0330
331,40,남성,청주시 서원구,36769991,258,실패,0,36769991,전화,8,0,,799,5888,직장인,L0331
332,55,여성,포천시,28219720,105,실패,0,28219720,방문,2,0,,560,5472,직장인,L0332
333,48,남성,논산시,46928895,106,실패,0,46928895,방문,4,0,,807,3306,자영업,L0333
334,60,여성,안산시,27326820,284,실패,0,27326820,방문,10,1,,656,5082,직장인,L0334
335,25,여성,동두천시,41202086,290,성공,40164811,1037275,전화,11,4,205.0,714,3850,자영업,L0335
336,52,여성,안양시,6154401,170,성공,5751071,403330,방문,5,1,23.0,893,2063,직장인,L0336
337,38,남성,아산시,25813482,11,성공,21779261,4034221,문자,1,0,9.0,844,4093,직장인,L0337
338,25,남성,용인시 기흥구,16916809,59,성공,16669326,247483,문자,2,0,40.0,513,7556,자영업,L0338
339,57,여성,부여군,4624079,63,성공,2773604,1850475,문자,3,0,31.0,928,5787,직장인,L0339
340,48,남성,당진시,39942018,319,실패,0,39942018,전화,12,0,,889,2286,직장인,L0340
341,20,여성,부천시 오정구,41450390,234,실패,0,41450390,전화,10,0,,567,6288,직장인,L0341
342,50,남성,이천시,28426637,67,성공,26616859,1809778,문자,1,0,14.0,421,2936,직장인,L0342
343,66,남성,태안군,3548025,303,실패,0,3548025,전화,11,0,,794,7801,직장인,L0343
344,49,남성,안산시,22833064,23,성공,14506065,8326999,문자,1,0,15.0,821,2806,직장인,L0344
345,55,여성,광주시,10243004,126,성공,9330354,912650,전화,4,0,26.0,680,5302,직장인,L0345
346,67,여성,양주시,49829651,98,성공,32760184,17069467,방문,4,0,93.0,559,4701,직장인,L0346
347,69,여성,구리시,43695744,16,성공,34263839,9431905,문자,1,0,11.0,906,4358,직장인,L0347
348,43,여성,가평군,45831433,76,성공,45663587,167846,문자,4,0,67.0,506,6628,무직,L0348
349,42,남성,수원시 장안구,836991,109,실패,0,836991,전화,5,0,,634,7258,직장인,L0349
350,49,여성,아산시,41024614,352,실패,0,41024614,전화,12,0,,845,2347,직장인,L0350
351,62,여성,진천군,12431019,218,실패,0,12431019,방문,9,0,,721,7853,직장인,L0351
352,35,여성,오산시,47133453,290,실패,0,47133453,전화,10,0,,877,6839,직장인,L0352
353,45,여성,광주시,19927079,148,실패,0,19927079,전화,4,0,,538,5705,자영업,L0353
354,48,남성,당진시,10272768,204,성공,5446882,4825886,방문,8,0,181.0,588,5188,무직,L0354
355,53,여성,의정부시,37884337,42,성공,34491790,3392547,문자,1,0,41.0,470,5470,직장인,L0355
356,34,여성,성남시 분당구,25057119,334,실패,0,25057119,방문,13,2,,581,3278,직장인,L0356
357,21,여성,춘천시,31139792,284,성공,27930197,3209595,방문,11,0,37.0,448,2954,직장인,L0357
358,62,남성,홍성군,17855187,103,성공,10018965,7836222,전화,3,0,91.0,560,6530,자영업,L0358
359,41,여성,안양시,18935087,87,성공,18836572,98515,문자,4,0,65.0,414,5019,직장인,L0359
360,23,여성,부천시,37990025,239,실패,0,37990025,방문,10,0,,707,3581,직장인,L0360
361,67,남성,영월군,38758260,306,성공,37134085,1624175,전화,9,0,193.0,825,3570,자영업,L0361
362,50,남성,동두천시,49286818,298,실패,0,49286818,전화,10,1,,766,3754,자영업,L0362
363,57,여성,양평군,3169457,333,실패,0,3169457,전화,11,0,,606,6916,직장인,L0363
364,43,남성,광명시,42730891,303,실패,0,42730891,전화,11,0,,702,6686,직장인,L0364
365,24,여성,옥천군,27115820,57,성공,25536129,1579691,전화,1,0,18.0,629,3369,직장인,L0365
366,42,남성,화성시,32558536,290,실패,0,32558536,전화,11,0,,837,2442,직장인,L0366
367,39,남성,광주시,30193887,149,실패,0,30193887,전화,6,0,,760,5995,직장인,L0367
368,59,남성,안양시 동안구,26374971,117,실패,0,26374971,전화,4,0,,499,2623,직장인,L0368
369,64,여성,태안군,2091463,124,성공,1363279,728184,방문,5,0,100.0,792,7394,직장인,L0369
370,22,남성,오산시,37330923,104,성공,28075131,9255792,전화,4,0,38.0,475,7617,직장인,L0370
371,65,남성,충주시,26545444,38,성공,19012562,7532882,문자,2,0,3.0,608,7413,직장인,L0371
372,50,여성,홍천군,27418423,86,실패,0,27418423,문자,5,1,,400,5439,자영업,L0372
373,56,남성,청주시 흥덕구,3233844,126,성공,1940075,1293769,전화,5,0,73.0,768,2007,직장인,L0373
374,69,남성,안양시 만안구,42360124,290,실패,0,42360124,전화,10,2,,656,6896,직장인,L0374
375,51,남성,천안시 서북구,5744210,54,성공,5213875,530335,문자,2,0,13.0,492,5066,직장인,L0375
376,64,여성,용인시 처인구,10354168,91,성공,7493471,2860697,전화,3,0,31.0,621,5815,자영업,L0376
377,53,여성,화천군,13727024,154,실패,0,13727024,전화,6,0,,526,3057,직장인,L0377
378,57,여성,청주시 청원구,14423891,252,성공,7711795,6712096,전화,10,1,198.0,540,7039,직장인,L0378
379,66,남성,서산시,26647208,281,실패,0,26647208,전화,11,1,,615,3652,무직,L0379
380,59,남성,정선군,29892740,254,실패,0,29892740,전화,10,1,,782,4410,직장인,L0380
381,59,남성,삼척시,36954356,182,성공,31275681,5678675,전화,7,0,120.0,582,5026,직장인,L0381
382,62,남성,군포시,32064827,364,실패,0,32064827,전화,12,0,,684,3932,자영업,L0382
383,61,남성,고성군,48682066,240,성공,29358232,19323834,방문,10,0,57.0,643,4099,자영업,L0383
384,68,남성,여주시,16330266,141,성공,11918535,4411731,전화,6,0,63.0,511,5554,직장인,L0384
385,58,여성,용인시 기흥구,21505252,66,성공,14389165,7116087,문자,3,1,41.0,440,2411,무직,L0385
386,63,남성,부천시 오정구,27383359,67,성공,23814009,3569350,전화,4,0,45.0,740,2518,직장인,L0386
387,33,남성,파주시,45739390,237,성공,28488522,17250868,전화,9,1,11.0,650,6896,자영업,L0387
388,34,여성,당진시,13775489,100,실패,0,13775489,방문,4,1,,847,5423,직장인,L0388
389,51,남성,용인시,36060935,185,실패,0,36060935,방문,7,0,,694,5055,직장인,L0389
390,51,여성,연천군,16979681,195,성공,15843365,1136316,전화,6,1,46.0,664,5131,직장인,L0390
391,42,여성,태안군,23346364,185,성공,13058408,10287956,전화,6,0,161.0,635,2829,자영업,L0391
392,36,여성,청양군,1808936,63,실패,0,1808936,문자,3,0,,548,2068,자영업,L0392
393,57,여성,태백시,23709646,12,성공,12114434,11595212,문자,1,0,1.0,803,7542,직장인,L0393
394,28,남성,화천군,23135391,177,성공,13003772,10131619,전화,5,0,60.0,561,2365,직장인,L0394
395,30,남성,논산시,14303223,200,성공,10595308,3707915,전화,7,2,157.0,482,4389,자영업,L0395
396,53,여성,홍성군,35206139,222,성공,26678396,8527743,전화,6,0,96.0,708,4308,직장인,L0396
397,21,남성,태백시,27047206,197,실패,0,27047206,전화,6,0,,529,6601,직장인,L0397
398,56,여성,구리시,47876926,357,성공,41054364,6822562,전화,13,4,284.0,741,6577,직장인,L0398
399,39,남성,청양군,48077438,178,실패,0,48077438,전화,7,0,,475,6057,자영업,L0399
400,41,남성,용인시,9111625,310,실패,0,9111625,전화,10,0,,724,4345,직장인,L0400
401,63,여성,연천군,18961114,225,실패,0,18961114,전화,7,2,,895,6391,무직,L0401
402,25,여성,포천시,20034465,241,성공,19222573,811892,전화,8,1,224.0,894,7256,직장인,L0402
403,21,남성,철원군,31270406,206,실패,0,31270406,전화,8,0,,628,5728,직장인,L0403
404,26,여성,계룡시,22154158,112,성공,16320664,5833494,방문,3,0,13.0,495,5022,직장인,L0404
405,60,여성,수원시 영통구,35938298,323,성공,27119244,8819054,방문,10,2,210.0,429,5962,직장인,L0405
406,32,여성,금산군,43692652,174,성공,23852883,19839769,전화,6,0,16.0,476,4716,무직,L0406
407,28,여성,양구군,14068132,295,실패,0,14068132,전화,10,0,,683,6938,직장인,L0407
408,25,남성,원주시,49316992,209,실패,0,49316992,전화,8,0,,816,6454,직장인,L0408
409,45,여성,계룡시,14472851,135,성공,9397620,5075231,전화,5,0,75.0,859,3938,자영업,L0409
410,62,남성,춘천시,11552151,45,성공,11182377,369774,문자,1,0,13.0,906,4764,직장인,L0410
411,27,여성,춘천시,22130756,49,성공,11395954,10734802,문자,1,0,12.0,881,5734,무직,L0411
412,27,여성,태백시,19061318,276,성공,14094096,4967222,전화,9,0,57.0,822,3996,직장인,L0412
413,53,여성,이천시,30435089,152,실패,0,30435089,방문,5,0,,552,3056,직장인,L0413
414,51,남성,진천군,2710073,58,성공,1615899,1094174,문자,4,0,29.0,605,3039,직장인,L0414
415,27,여성,오산시,22376763,193,성공,17687381,4689382,전화,6,0,16.0,848,6243,직장인,L0415
416,48,여성,청주시 흥덕구,43145390,350,실패,0,43145390,전화,12,2,,722,4488,직장인,L0416
417,69,남성,안산시,30494974,235,실패,0,30494974,전화,8,0,,937,2771,자영업,L0417
418,32,여성,고양시 덕양구,45167927,97,실패,0,45167927,전화,4,0,,816,6045,직장인,L0418
419,41,여성,남양주시,36041897,181,성공,19706659,16335238,전화,8,1,180.0,655,6762,자영업,L0419
420,35,여성,괴산군,20129955,257,실패,0,20129955,방문,9,3,,612,7068,자영업,L0420
421,34,여성,안산시 상록구,24752877,39,실패,0,24752877,문자,1,0,,473,4662,자영업,L0421
422,46,남성,용인시 처인구,3624753,136,성공,2131998,1492755,전화,6,0,123.0,720,3626,무직,L0422
423,30,남성,청주시 상당구,27743886,305,실패,0,27743886,전화,11,0,,883,5143,자영업,L0423
424,45,남성,수원시,655483,145,성공,402841,252642,전화,5,1,19.0,559,7073,직장인,L0424
425,56,남성,계룡시,9209997,164,성공,7399499,1810498,전화,6,0,152.0,697,7606,자영업,L0425
426,40,여성,청주시 서원구,969000,92,성공,907222,61778,방문,3,0,40.0,486,5044,직장인,L0426
427,38,남성,속초시,6155289,72,성공,5430653,724636,문자,3,0,52.0,942,6004,직장인,L0427
428,63,여성,보령시,28197442,71,성공,24110313,4087129,문자,4,0,61.0,642,4910,직장인,L0428
429,51,남성,고양시 일산동구,32152725,85,성공,21463146,10689579,문자,3,0,82.0,573,2800,무직,L0429
430,52,남성,광주시,8136367,77,성공,6366272,1770095,전화,4,0,69.0,728,7946,자영업,L0430
431,34,여성,고양시 일산서구,35169525,281,실패,0,35169525,전화,10,0,,753,3384,직장인,L0431
432,47,남성,충주시,46295055,9,성공,29481042,16814013,전화,3,0,2.0,634,4706,직장인,L0432
433,53,여성,진천군,5898763,280,실패,0,5898763,방문,10,0,,794,3394,직장인,L0433
434,27,여성,정선군,48081571,235,성공,28988562,19093009,방문,8,1,71.0,743,3486,직장인,L0434
435,49,여성,양양군,23530385,66,성공,23000088,530297,전화,1,0,56.0,547,6157,직장인,L0435
436,35,남성,양주시,8637108,119,실패,0,8637108,전화,5,0,,596,5979,직장인,L0436
437,22,남성,아산시,27268043,133,실패,0,27268043,전화,5,0,,434,6412,직장인,L0437
438,69,여성,금산군,5732790,46,실패,0,5732790,문자,3,0,,513,2226,자영업,L0438
439,44,여성,화천군,39988246,347,성공,21776382,18211864,방문,12,5,321.0,506,5354,직장인,L0439
440,41,남성,연천군,34982999,128,성공,34098476,884523,전화,6,0,110.0,655,3584,직장인,L0440
441,52,남성,평택시,26028230,122,실패,0,26028230,방문,4,0,,533,5071,직장인,L0441
442,29,여성,수원시 팔달구,48684877,27,성공,42023977,6660900,문자,1,0,9.0,674,3291,직장인,L0442
443,57,남성,옥천군,7133037,301,성공,4423677,2709360,방문,11,0,167.0,884,5727,자영업,L0443
444,37,남성,수원시,48944190,205,실패,0,48944190,방문,6,0,,867,5622,직장인,L0444
445,51,남성,고양시 일산서구,29367180,286,성공,26480921,2886259,전화,10,1,257.0,530,4477,직장인,L0445
446,53,남성,수원시 권선구,44957128,174,성공,35233280,9723848,전화,7,0,50.0,759,2190,직장인,L0446
447,32,여성,아산시,6814450,240,실패,0,6814450,전화,7,2,,462,6197,직장인,L0447
448,22,여성,고양시,46294391,90,성공,41348868,4945523,문자,3,0,66.0,692,5817,자영업,L0448
449,57,여성,청양군,20317423,132,실패,0,20317423,전화,7,0,,928,4894,자영업,L0449
450,39,여성,김포시,28459840,175,실패,0,28459840,방문,6,0,,925,7822,직장인,L0450
451,20,여성,보령시,25173959,70,실패,0,25173959,문자,2,0,,858,3685,자영업,L0451
452,37,남성,동두천시,10559044,235,실패,0,10559044,방문,7,0,,648,7927,직장인,L0452
453,60,남성,안산시 상록구,11632870,214,실패,0,11632870,방문,5,0,,549,7160,직장인,L0453
454,52,여성,안산시 상록구,12287400,126,성공,7238961,5048439,방문,5,0,46.0,823,2415,직장인,L0454
455,29,여성,안성시,10660109,145,성공,5655911,5004198,전화,5,0,101.0,551,2448,직장인,L0455
456,22,여성,양구군,37437419,315,실패,0,37437419,전화,11,0,,620,3071,직장인,L0456
457,39,여성,태안군,25836577,322,실패,0,25836577,전화,11,0,,596,5877,직장인,L0457
458,42,남성,용인시,33704744,188,실패,0,33704744,방문,7,0,,813,5381,직장인,L0458
459,25,남성,용인시 처인구,32673517,124,실패,0,32673517,전화,3,0,,605,5864,무직,L0459
460,68,여성,보은군,13235553,171,성공,8408709,4826844,방문,7,0,73.0,420,2794,직장인,L0460
461,46,여성,삼척시,4139591,177,성공,3734178,405413,방문,6,0,89.0,644,6505,무직,L0461
462,40,남성,제천시,40945687,101,실패,0,40945687,전화,2,0,,665,5148,직장인,L0462
463,29,여성,안양시 동안구,23695477,131,성공,13305048,10390429,전화,5,0,130.0,460,3398,직장인,L0463
464,52,남성,수원시 영통구,30156972,160,실패,0,30156972,전화,6,0,,942,3254,직장인,L0464
465,20,남성,안산시 단원구,612279,252,성공,554978,57301,전화,10,0,99.0,629,3856,직장인,L0465
466,26,남성,음성군,16849106,313,실패,0,16849106,전화,10,5,,784,6024,직장인,L0466
467,24,남성,하남시,47432037,275,실패,0,47432037,방문,9,0,,781,2511,직장인,L0467
468,45,남성,의왕시,5380364,41,성공,4749040,631324,문자,2,0,39.0,637,4349,직장인,L0468
469,60,남성,김포시,187916,345,실패,0,187916,전화,14,0,,751,5955,직장인,L0469
470,53,여성,안성시,28357661,205,실패,0,28357661,전화,8,0,,405,3356,무직,L0470
471,51,여성,고성군,47337306,239,실패,0,47337306,전화,10,3,,479,3547,자영업,L0471
472,24,남성,성남시 중원구,4646368,36,성공,4256993,389375,전화,1,0,9.0,551,7114,직장인,L0472
473,26,여성,증평군,30443311,187,성공,20487033,9956278,전화,6,0,152.0,761,2791,자영업,L0473
474,34,남성,이천시,32394354,180,성공,27518224,4876130,전화,8,0,153.0,937,4385,직장인,L0474
475,37,남성,성남시,2258224,206,실패,0,2258224,방문,7,0,,610,3634,직장인,L0475
476,33,남성,과천시,39597976,356,성공,31260515,8337461,방문,10,0,258.0,841,5086,직장인,L0476
477,45,남성,금산군,42128131,41,성공,26258683,15869448,문자,1,0,33.0,426,2822,직장인,L0477
478,53,여성,진천군,31102447,107,성공,29664363,1438084,전화,5,0,101.0,691,5480,무직,L0478
479,29,여성,괴산군,21595291,282,실패,0,21595291,방문,10,0,,626,5594,직장인,L0479
480,54,여성,제천시,17840281,157,성공,10970604,6869677,전화,5,0,149.0,589,7821,자영업,L0480
481,40,남성,금산군,48005659,104,실패,0,48005659,전화,2,0,,557,5443,직장인,L0481
482,63,여성,인제군,30554721,59,성공,29637714,917007,전화,3,0,36.0,462,3882,자영업,L0482
483,64,여성,포천시,28455150,207,실패,0,28455150,전화,7,0,,661,2999,직장인,L0483
484,23,남성,영동군,24848867,90,성공,22881053,1967814,문자,3,0,83.0,400,4347,직장인,L0484
485,41,남성,고양시 일산동구,10737651,47,실패,0,10737651,문자,3,0,,774,4302,무직,L0485
486,60,여성,제천시,20125596,357,실패,0,20125596,방문,15,0,,484,7961,직장인,L0486
487,28,남성,양평군,14695643,236,실패,0,14695643,전화,8,1,,890,5966,직장인,L0487
488,68,남성,화성시,23919784,188,실패,0,23919784,전화,8,0,,469,7882,자영업,L0488
489,54,여성,단양군,11933279,195,실패,0,11933279,전화,7,0,,726,4808,자영업,L0489
490,64,여성,논산시,49643440,219,실패,0,49643440,방문,7,2,,503,4634,직장인,L0490
491,31,여성,안산시 단원구,23674040,202,실패,0,23674040,전화,8,0,,869,4748,직장인,L0491
492,28,여성,과천시,24327864,254,실패,0,24327864,전화,9,1,,551,3101,자영업,L0492
493,58,남성,청양군,28321443,342,실패,0,28321443,방문,12,0,,928,4879,직장인,L0493
494,21,여성,광명시,17010863,11,실패,0,17010863,문자,1,0,,938,7685,직장인,L0494
495,22,남성,홍성군,14855715,175,성공,9572378,5283337,전화,8,0,91.0,738,2915,직장인,L0495
496,44,여성,의정부시,43591955,250,성공,37691164,5900791,전화,9,1,210.0,502,3221,직장인,L0496
497,47,남성,수원시,22966233,256,실패,0,22966233,전화,8,2,,591,6727,직장인,L0497
498,35,남성,충주시,11694017,230,성공,11142743,551274,방문,8,0,178.0,662,6444,직장인,L0498
499,65,여성,안산시 상록구,42671569,32,성공,39613671,3057898,문자,1,0,11.0,936,4934,직장인,L0499
500,64,여성,속초시,19961653,337,실패,0,19961653,전화,11,0,,599,3546,직장인,L0500
501,48,남성,용인시,3769559,52,실패,0,3769559,문자,1,0,,894,4198,직장인,L0501
502,69,여성,아산시,2583647,319,실패,0,2583647,방문,11,0,,833,3942,직장인,L0502
503,44,여성,천안시 동남구,16444096,136,실패,0,16444096,전화,7,2,,544,5246,무직,L0503
504,36,여성,수원시 팔달구,30498429,244,성공,29914826,583603,전화,9,0,43.0,573,5170,직장인,L0504
505,22,여성,청주시 서원구,10088316,358,실패,0,10088316,전화,11,0,,946,2056,직장인,L0505
506,57,여성,당진시,2032745,238,실패,0,2032745,전화,8,3,,725,5166,자영업,L0506
507,28,남성,성남시 수정구,35216777,189,성공,34888412,328365,전화,4,0,115.0,433,3117,직장인,L0507
508,40,남성,태안군,31958597,214,성공,22631937,9326660,방문,8,2,212.0,713,2252,직장인,L0508
509,45,남성,보령시,2103697,221,성공,1128611,975086,전화,8,0,41.0,687,3967,직장인,L0509
510,48,남성,원주시,32775762,127,실패,0,32775762,전화,4,1,,681,3444,직장인,L0510
511,63,여성,양양군,25933561,129,실패,0,25933561,전화,5,0,,869,4091,직장인,L0511
512,62,여성,안산시 상록구,22476061,127,성공,17858646,4617415,전화,5,0,9.0,411,2915,자영업,L0512
513,34,여성,광명시,43497768,153,실패,0,43497768,방문,6,0,,903,5733,직장인,L0513
514,66,여성,제천시,30615738,196,성공,27456090,3159648,방문,7,0,170.0,732,5075,직장인,L0514
515,51,여성,서천군,35863745,104,실패,0,35863745,전화,5,0,,472,5931,자영업,L0515
516,20,여성,부천시 오정구,18598119,234,성공,12677949,5920170,전화,8,0,13.0,424,5351,직장인,L0516
517,37,남성,가평군,4246818,163,성공,3914580,332238,전화,7,0,35.0,811,2500,직장인,L0517
518,64,여성,이천시,8621988,294,실패,0,8621988,방문,10,0,,910,4291,직장인,L0518
519,66,여성,부천시 소사구,22913366,326,실패,0,22913366,전화,10,0,,790,7739,직장인,L0519
520,42,여성,수원시 장안구,4273274,174,실패,0,4273274,전화,7,0,,457,4370,직장인,L0520
521,39,남성,영동군,8419213,179,실패,0,8419213,방문,7,1,,437,5433,직장인,L0521
522,53,여성,논산시,23160715,156,성공,22345034,815681,전화,5,2,87.0,588,2498,무직,L0522
523,67,여성,안양시 동안구,37982087,34,성공,37575643,406444,문자,3,0,8.0,761,2116,자영업,L0523
524,25,남성,청양군,47194325,301,실패,0,47194325,방문,10,2,,894,3300,직장인,L0524
525,37,남성,충주시,2136741,183,성공,1071814,1064927,전화,6,0,23.0,612,5545,직장인,L0525
526,41,여성,안양시 만안구,29592090,176,실패,0,29592090,전화,7,0,,732,5725,직장인,L0526
527,43,남성,태안군,43946444,266,실패,0,43946444,전화,10,3,,581,2457,직장인,L0527
528,64,남성,안양시,23444516,347,실패,0,23444516,방문,13,1,,577,7324,자영업,L0528
529,36,남성,태안군,46987754,18,성공,43855799,3131955,문자,1,0,9.0,635,2975,직장인,L0529
530,60,여성,과천시,23450090,268,실패,0,23450090,방문,10,2,,874,4943,직장인,L0530
531,20,남성,부천시,41553507,358,실패,0,41553507,전화,11,3,,455,7683,직장인,L0531
532,32,남성,고성군,24372625,67,성공,20202012,4170613,문자,5,0,39.0,680,7339,자영업,L0532
533,54,남성,성남시,3217884,256,성공,2679256,538628,전화,11,2,83.0,708,7099,무직,L0533
534,34,여성,남양주시,4603210,306,실패,0,4603210,전화,10,0,,620,5670,직장인,L0534
535,57,남성,제천시,1847042,302,실패,0,1847042,전화,12,0,,675,5907,직장인,L0535
536,31,남성,고양시 일산서구,2184366,56,성공,1637420,546946,문자,2,0,10.0,702,2303,직장인,L0536
537,34,여성,의정부시,6172567,343,실패,0,6172567,방문,13,0,,598,7214,직장인,L0537
538,29,남성,영월군,24835407,135,성공,16443443,8391964,방문,6,0,37.0,655,6206,직장인,L0538
539,66,남성,아산시,13388364,333,실패,0,13388364,방문,11,1,,599,4003,무직,L0539
540,55,남성,안산시 단원구,42849653,152,성공,28461021,14388632,방문,6,0,5.0,674,4453,직장인,L0540
541,20,여성,수원시,4650670,71,성공,4587445,63225,문자,3,0,26.0,859,7846,자영업,L0541
542,55,여성,여주시,3266271,55,성공,2160686,1105585,문자,3,0,12.0,461,4297,직장인,L0542
543,64,남성,성남시,42990705,126,실패,0,42990705,전화,4,0,,503,7922,직장인,L0543
544,58,여성,성남시,27744163,262,실패,0,27744163,전화,10,0,,653,4236,직장인,L0544
545,45,여성,원주시,44156281,146,실패,0,44156281,방문,5,0,,739,4482,직장인,L0545
546,54,남성,금산군,41858091,104,성공,26348772,15509319,전화,4,0,91.0,598,7550,무직,L0546
547,64,남성,양양군,36799033,160,성공,21791583,15007450,전화,6,0,133.0,781,4770,직장인,L0547
548,48,여성,성남시 중원구,26825466,239,실패,0,26825466,방문,9,1,,860,4886,직장인,L0548
549,35,여성,논산시,17004710,174,실패,0,17004710,방문,7,0,,683,3775,무직,L0549
550,69,여성,홍성군,31051635,2,성공,17315455,13736180,문자,1,0,1.0,897,4615,무직,L0550
551,58,남성,수원시 영통구,5259922,53,성공,3324723,1935199,문자,2,0,33.0,429,4343,직장인,L0551
552,32,남성,당진시,18353587,46,성공,12605563,5748024,문자,2,0,1.0,780,3488,무직,L0552
553,30,남성,철원군,44948329,73,성공,33608681,11339648,전화,5,0,43.0,667,3718,자영업,L0553
554,39,여성,시흥시,41696694,361,실패,0,41696694,전화,11,4,,504,6381,무직,L0554
555,45,여성,청주시 청원구,19722498,358,성공,16006133,3716365,전화,11,0,291.0,911,2493,직장인,L0555
556,36,여성,옥천군,34103752,93,성공,31426408,2677344,방문,4,0,36.0,498,3130,직장인,L0556
557,26,여성,단양군,25641672,207,실패,0,25641672,전화,7,0,,733,5995,직장인,L0557
558,24,남성,수원시 팔달구,46575238,173,성공,43993003,2582235,전화,8,1,15.0,514,2472,무직,L0558
559,57,여성,삼척시,31415365,139,성공,28404252,3011113,방문,4,0,135.0,432,4166,직장인,L0559
560,65,남성,안양시 동안구,20131583,238,실패,0,20131583,전화,9,0,,550,5924,직장인,L0560
561,40,여성,의정부시,22481071,32,성공,19233273,3247798,문자,1,0,14.0,892,3483,자영업,L0561
562,45,여성,아산시,36925977,45,성공,21781216,15144761,문자,3,0,10.0,513,2841,직장인,L0562
563,33,남성,용인시 기흥구,10634493,97,성공,7220129,3414364,방문,5,0,11.0,759,2356,직장인,L0563
564,46,남성,청주시 상당구,20908876,186,실패,0,20908876,전화,5,0,,749,4718,직장인,L0564
565,61,여성,삼척시,20496016,74,실패,0,20496016,문자,2,0,,833,3773,직장인,L0565
566,48,남성,원주시,15794394,241,성공,11759026,4035368,전화,9,2,65.0,646,6456,직장인,L0566
567,40,여성,홍성군,19466036,284,실패,0,19466036,전화,11,4,,780,3078,직장인,L0567
568,61,여성,단양군,43179346,198,실패,0,43179346,전화,6,0,,771,4941,직장인,L0568
569,24,여성,천안시 동남구,11293139,111,성공,5743856,5549283,방문,4,1,8.0,617,7710,직장인,L0569
570,37,남성,당진시,15836188,182,성공,14428244,1407944,방문,6,2,107.0,494,3396,직장인,L0570
571,51,남성,안산시 상록구,16904987,69,실패,0,16904987,문자,3,0,,788,4894,직장인,L0571
572,29,남성,평택시,2964030,318,실패,0,2964030,전화,11,1,,441,3820,자영업,L0572
573,49,여성,청양군,38443708,259,성공,27012360,11431348,전화,9,0,85.0,841,3889,직장인,L0573
574,58,남성,과천시,29607448,167,실패,0,29607448,방문,7,0,,578,6716,직장인,L0574
575,62,남성,시흥시,46319059,318,실패,0,46319059,전화,12,0,,897,6584,직장인,L0575
576,56,여성,철원군,27632473,68,성공,17576078,10056395,문자,3,0,35.0,413,2978,자영업,L0576
577,26,여성,홍천군,19317322,107,성공,13185611,6131711,전화,4,0,78.0,631,6446,직장인,L0577
578,40,남성,청주시 청원구,17762820,253,실패,0,17762820,전화,9,1,,863,4546,직장인,L0578
579,37,남성,강릉시,7464338,32,성공,6552057,912281,문자,2,0,1.0,410,4209,직장인,L0579
580,24,여성,안양시 동안구,39486915,94,실패,0,39486915,전화,5,0,,754,5657,직장인,L0580
581,28,여성,고양시 일산서구,34867280,321,실패,0,34867280,전화,11,0,,474,7505,자영업,L0581
582,33,남성,안산시 단원구,7026810,242,실패,0,7026810,방문,9,0,,721,5171,직장인,L0582
583,49,여성,음성군,27791944,251,성공,20525722,7266222,전화,9,0,161.0,829,3000,직장인,L0583
584,33,남성,진천군,34249737,343,실패,0,34249737,전화,13,1,,678,2076,직장인,L0584
585,63,여성,청주시 청원구,4082189,280,성공,3281252,800937,전화,10,0,11.0,561,6884,직장인,L0585
586,49,남성,서천군,7196849,128,실패,0,7196849,전화,4,0,,658,2760,직장인,L0586
587,27,남성,용인시 기흥구,49514815,21,성공,42624070,6890745,문자,1,0,17.0,478,6550,직장인,L0587
588,46,남성,영월군,47264536,123,실패,0,47264536,전화,5,0,,449,3843,무직,L0588
589,38,남성,화천군,44328360,118,성공,29882291,14446069,방문,4,0,16.0,407,3846,직장인,L0589
590,31,여성,속초시,28140976,308,성공,25341303,2799673,전화,9,0,89.0,721,3855,무직,L0590
591,20,남성,고양시 덕양구,38754291,276,성공,36837005,1917286,전화,10,0,52.0,897,3385,무직,L0591
592,37,여성,안양시 만안구,1000253,152,성공,729322,270931,전화,8,0,93.0,728,3812,직장인,L0592
593,36,남성,강릉시,41251107,235,성공,35560464,5690643,전화,8,1,180.0,684,2573,직장인,L0593
594,41,남성,홍성군,6366428,191,실패,0,6366428,전화,9,0,,441,4116,직장인,L0594
595,27,여성,파주시,38409526,198,성공,35438649,2970877,전화,6,0,72.0,628,7127,직장인,L0595
596,44,남성,인제군,15538091,160,성공,12754687,2783404,전화,6,1,35.0,828,4838,자영업,L0596
597,66,여성,부천시 오정구,47461643,286,성공,40888905,6572738,방문,12,1,79.0,423,7557,직장인,L0597
598,48,남성,안산시 상록구,42659389,163,성공,26344898,16314491,방문,6,0,77.0,436,5617,직장인,L0598
599,69,여성,안산시,46765869,283,실패,0,46765869,방문,10,0,,884,3120,직장인,L0599
600,43,여성,성남시 중원구,46489751,150,실패,0,46489751,전화,4,0,,664,6290,무직,L0600
601,27,여성,연천군,31729102,226,실패,0,31729102,방문,6,0,,763,3628,직장인,L0601
602,65,남성,부천시 소사구,32310386,266,성공,17457815,14852571,전화,10,0,177.0,538,4839,자영업,L0602
603,66,남성,수원시 영통구,4392087,320,성공,4312004,80083,전화,10,1,279.0,651,6509,자영업,L0603
604,22,여성,삼척시,27272175,151,실패,0,27272175,방문,4,0,,641,6224,무직,L0604
605,63,남성,의정부시,11634478,299,실패,0,11634478,전화,10,2,,553,5023,직장인,L0605
606,44,남성,청양군,1642562,307,실패,0,1642562,방문,10,1,,932,6106,직장인,L0606
607,65,남성,의왕시,29079695,150,성공,19821748,9257947,전화,7,0,99.0,496,3026,무직,L0607
608,32,남성,금산군,38577503,56,성공,24741473,13836030,문자,2,0,28.0,740,4558,직장인,L0608
609,37,남성,포천시,12240034,7,성공,11254530,985504,문자,1,0,2.0,536,3157,직장인,L0609
610,57,여성,양주시,26195007,89,실패,0,26195007,문자,3,0,,699,2295,직장인,L0610
611,29,여성,단양군,43289078,233,성공,25389556,17899522,방문,9,1,180.0,766,2431,직장인,L0611
612,39,여성,부여군,5275188,167,성공,3039116,2236072,전화,7,0,26.0,407,2510,직장인,L0612
613,48,여성,인제군,17400110,325,성공,15607624,1792486,전화,11,0,166.0,668,7620,직장인,L0613
614,48,남성,성남시 중원구,33088337,45,실패,0,33088337,전화,3,0,,643,4714,자영업,L0614
615,38,여성,춘천시,4632928,323,성공,4424999,207929,전화,12,2,117.0,762,5776,직장인,L0615
616,30,남성,하남시,43035201,169,성공,32260720,10774481,전화,5,0,37.0,593,5974,직장인,L0616
617,66,여성,서천군,46192341,131,실패,0,46192341,방문,3,0,,655,3393,자영업,L0617
618,34,여성,수원시 팔달구,30232341,216,성공,25275194,4957147,전화,8,0,160.0,942,6493,직장인,L0618
619,20,남성,고양시 일산서구,33894492,185,실패,0,33894492,전화,6,0,,914,6413,무직,L0619
620,30,남성,보령시,2231438,214,성공,1308397,923041,방문,8,0,42.0,441,3021,직장인,L0620
621,51,여성,강릉시,26081364,61,성공,20885395,5195969,전화,3,0,12.0,763,3797,직장인,L0621
622,34,여성,수원시,40677177,292,실패,0,40677177,전화,11,0,,749,2250,직장인,L0622
623,47,여성,파주시,21995378,352,실패,0,21995378,방문,12,1,,522,7892,무직,L0623
624,57,여성,수원시 팔달구,44722474,146,실패,0,44722474,전화,5,0,,403,6425,직장인,L0624
625,28,여성,부천시 소사구,5428405,83,성공,4308512,1119893,문자,4,0,78.0,583,4236,직장인,L0625
626,27,남성,청주시 서원구,19741379,279,실패,0,19741379,전화,8,1,,853,4859,직장인,L0626
627,39,남성,안양시 동안구,41829833,181,성공,34738415,7091418,방문,6,0,74.0,766,4963,직장인,L0627
628,22,여성,안양시 동안구,1695659,230,실패,0,1695659,방문,9,1,,517,4333,직장인,L0628
629,43,남성,음성군,6689822,10,성공,3932277,2757545,전화,1,0,9.0,722,5794,직장인,L0629
630,40,여성,횡성군,43014797,147,성공,22208031,20806766,전화,5,0,57.0,669,2783,자영업,L0630
631,23,남성,남양주시,47953697,326,실패,0,47953697,전화,11,0,,482,7627,직장인,L0631
632,58,남성,가평군,47446459,269,실패,0,47446459,전화,10,1,,686,7243,직장인,L0632
633,32,남성,안양시,8380103,204,실패,0,8380103,전화,6,1,,481,4093,자영업,L0633
634,49,남성,삼척시,246458,299,실패,0,246458,방문,10,0,,460,6572,직장인,L0634
635,29,여성,보령시,37976660,323,실패,0,37976660,전화,11,0,,653,7697,직장인,L0635
636,30,남성,인제군,12574315,6,성공,6565017,6009298,문자,1,0,5.0,915,3793,직장인,L0636
637,22,여성,파주시,18784829,197,실패,0,18784829,방문,7,1,,611,5886,무직,L0637
638,66,남성,원주시,35357037,118,성공,20158793,15198244,전화,5,0,44.0,702,4898,직장인,L0638
639,53,여성,속초시,22307471,100,성공,16143404,6164067,전화,4,0,60.0,472,7686,자영업,L0639
640,28,남성,용인시 기흥구,24364442,248,실패,0,24364442,방문,9,0,,564,4805,자영업,L0640
641,44,남성,천안시 서북구,30311702,34,성공,29106188,1205514,문자,2,0,30.0,775,4341,직장인,L0641
642,32,남성,안산시,37703855,168,성공,27827355,9876500,전화,5,0,13.0,559,2175,직장인,L0642
643,52,여성,과천시,24358671,111,성공,13979706,10378965,전화,4,0,44.0,410,7323,직장인,L0643
644,55,여성,용인시,34341531,162,실패,0,34341531,전화,5,0,,756,5771,무직,L0644
645,45,남성,안성시,25905674,339,성공,13559367,12346307,방문,13,0,22.0,418,3367,직장인,L0645
646,63,여성,용인시 수지구,48248644,282,실패,0,48248644,방문,10,2,,774,3510,직장인,L0646
647,51,남성,고성군,49389095,143,실패,0,49389095,전화,4,0,,857,6232,자영업,L0647
648,68,남성,부천시 원미구,34454370,350,실패,0,34454370,방문,13,4,,410,7634,직장인,L0648
649,51,여성,공주시,33395849,66,실패,0,33395849,문자,2,0,,626,5837,무직,L0649
650,39,여성,화성시,49612526,40,성공,39807678,9804848,문자,1,0,18.0,806,6456,직장인,L0650
651,67,남성,진천군,18904108,239,실패,0,18904108,방문,10,1,,561,6861,직장인,L0651
652,69,남성,공주시,36265357,274,실패,0,36265357,전화,9,0,,577,2327,무직,L0652
653,52,여성,파주시,13225090,167,실패,0,13225090,전화,7,0,,539,4641,직장인,L0653
654,22,남성,안양시 동안구,28010707,166,성공,14554497,13456210,전화,7,0,122.0,875,2153,직장인,L0654
655,63,남성,평창군,20123254,79,성공,13531977,6591277,문자,4,0,69.0,823,3736,자영업,L0655
656,67,남성,양주시,31651691,339,실패,0,31651691,전화,13,1,,586,3696,직장인,L0656
657,60,남성,수원시 팔달구,19726891,359,실패,0,19726891,전화,12,0,,457,5101,무직,L0657
658,69,남성,의왕시,13015343,171,실패,0,13015343,전화,5,0,,947,5183,직장인,L0658
659,51,남성,진천군,31469490,296,실패,0,31469490,전화,12,3,,668,3052,자영업,L0659
660,59,여성,제천시,41896692,351,성공,38379899,3516793,방문,12,0,142.0,578,6064,직장인,L0660
661,48,여성,화성시,6277652,15,성공,4391699,1885953,전화,1,0,4.0,577,2757,자영업,L0661
662,62,남성,속초시,28139218,14,성공,26241489,1897729,문자,1,0,5.0,824,6467,직장인,L0662
663,55,남성,군포시,14976763,113,실패,0,14976763,방문,4,0,,623,7365,직장인,L0663
664,35,남성,영월군,18158280,97,성공,9452273,8706007,전화,4,0,7.0,704,7843,직장인,L0664
665,44,여성,부천시 오정구,33659204,23,성공,19411780,14247424,문자,1,0,13.0,812,7025,무직,L0665
666,26,남성,하남시,6235123,353,실패,0,6235123,전화,13,1,,912,3960,자영업,L0666
667,41,남성,제천시,2428999,141,실패,0,2428999,전화,5,0,,860,2360,직장인,L0667
668,38,남성,김포시,26887586,296,실패,0,26887586,방문,10,1,,468,4804,자영업,L0668
669,49,여성,천안시 서북구,8721463,81,성공,5538633,3182830,문자,5,2,1.0,807,7742,직장인,L0669
670,54,남성,정선군,16260809,102,실패,0,16260809,전화,3,0,,684,3223,직장인,L0670
671,64,남성,안산시 상록구,13223583,257,실패,0,13223583,방문,11,5,,548,6305,자영업,L0671
672,57,남성,시흥시,2318362,172,실패,0,2318362,전화,7,0,,524,2917,직장인,L0672
673,49,남성,파주시,33709029,296,실패,0,33709029,방문,11,0,,709,4472,직장인,L0673
674,33,여성,용인시,44744329,64,성공,30472205,14272124,문자,3,0,29.0,418,5023,직장인,L0674
675,34,남성,공주시,12050487,41,성공,10849832,1200655,문자,1,0,1.0,848,4394,직장인,L0675
676,20,남성,논산시,34099959,80,실패,0,34099959,전화,3,0,,493,2946,직장인,L0676
677,51,여성,강릉시,48335266,313,실패,0,48335266,전화,11,0,,804,5516,직장인,L0677
678,24,남성,당진시,25402021,233,실패,0,25402021,전화,7,0,,638,6885,자영업,L0678
679,24,여성,부여군,27153803,59,실패,0,27153803,문자,2,0,,531,2952,직장인,L0679
680,28,남성,원주시,49166780,14,성공,39670053,9496727,문자,2,0,6.0,900,3194,무직,L0680
681,41,남성,남양주시,30430363,175,성공,28830018,1600345,방문,5,0,120.0,420,2735,자영업,L0681
682,50,남성,안산시 상록구,46766829,278,실패,0,46766829,방문,9,0,,500,5673,무직,L0682
683,62,여성,과천시,13217601,325,실패,0,13217601,방문,11,0,,591,5050,무직,L0683
684,54,여성,서산시,17385369,92,성공,11311283,6074086,방문,4,0,41.0,819,4276,무직,L0684
685,66,여성,양평군,13058550,92,실패,0,13058550,방문,4,0,,756,4118,직장인,L0685
686,39,남성,안산시,30299043,119,성공,28019525,2279518,방문,4,0,114.0,831,5402,직장인,L0686
687,62,남성,과천시,508251,143,실패,0,508251,전화,5,0,,846,5398,자영업,L0687
688,64,남성,의왕시,6115679,257,성공,4428641,1687038,전화,9,2,27.0,841,5863,자영업,L0688
689,31,여성,고양시 일산서구,32248782,117,실패,0,32248782,전화,6,0,,882,5606,자영업,L0689
690,42,남성,오산시,18537799,53,성공,12337294,6200505,문자,2,0,8.0,835,6790,직장인,L0690
691,34,여성,여주시,26204226,125,실패,0,26204226,전화,4,0,,532,6145,직장인,L0691
692,64,여성,청주시 상당구,49066132,101,실패,0,49066132,전화,3,0,,909,7373,직장인,L0692
693,29,여성,홍성군,45065541,152,실패,0,45065541,방문,5,0,,893,3698,직장인,L0693
694,31,여성,부천시 원미구,19788765,194,성공,12104961,7683804,방문,6,0,92.0,408,3574,직장인,L0694
695,47,여성,아산시,2332538,96,실패,0,2332538,전화,5,0,,492,6522,직장인,L0695
696,46,남성,안산시,41389545,177,실패,0,41389545,방문,7,1,,489,4322,직장인,L0696
697,22,여성,성남시 분당구,9396816,203,실패,0,9396816,방문,5,0,,805,4258,직장인,L0697
698,57,남성,수원시 영통구,24564943,196,실패,0,24564943,방문,8,2,,936,5483,직장인,L0698
699,29,남성,옥천군,45863087,357,실패,0,45863087,방문,13,1,,625,6149,자영업,L0699
700,53,남성,보은군,43534316,198,성공,30632922,12901394,전화,6,0,133.0,784,3299,직장인,L0700
